<?xml version="1.0" encoding="UTF-8"?>
<project-private xmlns="http://www.netbeans.org/ns/project-private/1">
    <editor-bookmarks xmlns="http://www.netbeans.org/ns/editor-bookmarks/2" lastBookmarkId="0"/>
    <open-files xmlns="http://www.netbeans.org/ns/projectui-open-files/2">
        <group>
            <file>file:/C:/Users/stamv/OneDrive/Desktop/Sta_Maria_Venise_PDC_Assignment/VirtualPetGame_1-0/src/virtualpetgame/VPGame.java</file>
            <file>file:/C:/Users/stamv/OneDrive/Desktop/Sta_Maria_Venise_PDC_Assignment/VirtualPetGame_1-0/src/virtualpetgame/GUIClass/GUIManager.java</file>
            <file>file:/C:/Users/stamv/OneDrive/Desktop/Sta_Maria_Venise_PDC_Assignment/VirtualPetGame_1-0/src/virtualpetgame/GUIClass/PausePanel.java</file>
            <file>file:/C:/Users/stamv/OneDrive/Desktop/Sta_Maria_Venise_PDC_Assignment/VirtualPetGame_1-0/src/virtualpetgame/GUIClass/PetSelectorPanel.java</file>
            <file>file:/C:/Users/stamv/OneDrive/Desktop/Sta_Maria_Venise_PDC_Assignment/VirtualPetGame_1-0/src/virtualpetgame/GUIClass/StartupSave.java</file>
            <file>file:/C:/Users/stamv/OneDrive/Desktop/Sta_Maria_Venise_PDC_Assignment/VirtualPetGame_1-0/src/virtualpetgame/StartupGame.java</file>
            <file>file:/C:/Users/stamv/OneDrive/Desktop/Sta_Maria_Venise_PDC_Assignment/VirtualPetGame_1-0/src/virtualpetgame/GUIClass/MainMenuPanel.java</file>
            <file>file:/C:/Users/stamv/OneDrive/Desktop/Sta_Maria_Venise_PDC_Assignment/VirtualPetGame_1-0/src/virtualpetgame/PetManager.java</file>
        </group>
    </open-files>
</project-private>
